DataId,NameTextId,ItemLevel,OptionGrade,CalcStatType,StatModType,OptionValue
1,AttackPowerIncrease,1,Normal,Atk,Add,4
2,AttackPowerIncrease,1,Rare,Atk,Add,8
3,AttackPowerIncrease,1,Epic,Atk,Add,12
4,AttackPowerIncrease,1,Legendary,Atk,Add,16
5,AttackPowerIncrease,5,Normal,Atk,Add,4
6,AttackPowerIncrease,5,Rare,Atk,Add,8
7,AttackPowerIncrease,5,Epic,Atk,Add,12
8,AttackPowerIncrease,5,Legendary,Atk,Add,16
9,AttackPowerIncrease,10,Normal,Atk,Add,4
10,AttackPowerIncrease,10,Rare,Atk,Add,8
11,AttackPowerIncrease,10,Epic,Atk,Add,12
12,AttackPowerIncrease,10,Legendary,Atk,Add,16
13,AttackPowerIncrease,15,Normal,Atk,Add,4
14,AttackPowerIncrease,15,Rare,Atk,Add,8
15,AttackPowerIncrease,15,Epic,Atk,Add,12
16,AttackPowerIncrease,15,Legendary,Atk,Add,16
17,AttackPowerIncrease,20,Normal,Atk,Add,4
18,AttackPowerIncrease,20,Rare,Atk,Add,8
19,AttackPowerIncrease,20,Epic,Atk,Add,12
20,AttackPowerIncrease,20,Legendary,Atk,Add,16
21,AttackPowerIncrease,25,Normal,Atk,Add,4
22,AttackPowerIncrease,25,Rare,Atk,Add,8
23,AttackPowerIncrease,25,Epic,Atk,Add,12
24,AttackPowerIncrease,25,Legendary,Atk,Add,16
25,AttackPowerIncrease,30,Normal,Atk,Add,4
26,AttackPowerIncrease,30,Rare,Atk,Add,8
27,AttackPowerIncrease,30,Epic,Atk,Add,12
28,AttackPowerIncrease,30,Legendary,Atk,Add,16
29,AttackPowerIncrease,35,Normal,Atk,Add,4
30,AttackPowerIncrease,35,Rare,Atk,Add,8
31,AttackPowerIncrease,35,Epic,Atk,Add,12
32,AttackPowerIncrease,35,Legendary,Atk,Add,16
33,AttackPowerIncrease,40,Normal,Atk,Add,4
34,AttackPowerIncrease,40,Rare,Atk,Add,8
35,AttackPowerIncrease,40,Epic,Atk,Add,12
36,AttackPowerIncrease,40,Legendary,Atk,Add,16
37,AttackPowerIncrease,45,Normal,Atk,Add,4
38,AttackPowerIncrease,45,Rare,Atk,Add,8
39,AttackPowerIncrease,45,Epic,Atk,Add,12
40,AttackPowerIncrease,45,Legendary,Atk,Add,16
41,AttackPowerIncrease,50,Normal,Atk,Add,4
42,AttackPowerIncrease,50,Rare,Atk,Add,8
43,AttackPowerIncrease,50,Epic,Atk,Add,12
44,AttackPowerIncrease,50,Legendary,Atk,Add,16
45,AttackPowerIncrease,55,Normal,Atk,Add,4
46,AttackPowerIncrease,55,Rare,Atk,Add,8
47,AttackPowerIncrease,55,Epic,Atk,Add,12
48,AttackPowerIncrease,55,Legendary,Atk,Add,16
49,AttackPowerIncrease,60,Normal,Atk,Add,4
50,AttackPowerIncrease,60,Rare,Atk,Add,8
51,AttackPowerIncrease,60,Epic,Atk,Add,12
52,AttackPowerIncrease,60,Legendary,Atk,Add,16
53,AttackPowerIncrease,65,Normal,Atk,Add,4
54,AttackPowerIncrease,65,Rare,Atk,Add,8
55,AttackPowerIncrease,65,Epic,Atk,Add,12
56,AttackPowerIncrease,65,Legendary,Atk,Add,16
57,AttackPowerIncrease,70,Normal,Atk,Add,4
58,AttackPowerIncrease,70,Rare,Atk,Add,8
59,AttackPowerIncrease,70,Epic,Atk,Add,12
60,AttackPowerIncrease,70,Legendary,Atk,Add,16
61,AttackPowerMultiplier,1,Normal,Atk,PercentAdd,0.04
62,AttackPowerMultiplier,1,Rare,Atk,PercentAdd,0.04
63,AttackPowerMultiplier,1,Epic,Atk,PercentAdd,0.04
64,AttackPowerMultiplier,1,Legendary,Atk,PercentAdd,0.04
65,AttackPowerMultiplier,5,Normal,Atk,PercentAdd,0.04
66,AttackPowerMultiplier,5,Rare,Atk,PercentAdd,0.04
67,AttackPowerMultiplier,5,Epic,Atk,PercentAdd,0.04
68,AttackPowerMultiplier,5,Legendary,Atk,PercentAdd,0.04
69,AttackPowerMultiplier,10,Normal,Atk,PercentAdd,0.04
70,AttackPowerMultiplier,10,Rare,Atk,PercentAdd,0.04
71,AttackPowerMultiplier,10,Epic,Atk,PercentAdd,0.04
72,AttackPowerMultiplier,10,Legendary,Atk,PercentAdd,0.04
73,AttackPowerMultiplier,15,Normal,Atk,PercentAdd,0.04
74,AttackPowerMultiplier,15,Rare,Atk,PercentAdd,0.04
75,AttackPowerMultiplier,15,Epic,Atk,PercentAdd,0.04
76,AttackPowerMultiplier,15,Legendary,Atk,PercentAdd,0.04
77,AttackPowerMultiplier,20,Normal,Atk,PercentAdd,0.04
78,AttackPowerMultiplier,20,Rare,Atk,PercentAdd,0.04
79,AttackPowerMultiplier,20,Epic,Atk,PercentAdd,0.04
80,AttackPowerMultiplier,20,Legendary,Atk,PercentAdd,0.04
81,AttackPowerMultiplier,25,Normal,Atk,PercentAdd,0.04
82,AttackPowerMultiplier,25,Rare,Atk,PercentAdd,0.04
83,AttackPowerMultiplier,25,Epic,Atk,PercentAdd,0.04
84,AttackPowerMultiplier,25,Legendary,Atk,PercentAdd,0.04
85,AttackPowerMultiplier,30,Normal,Atk,PercentAdd,0.04
86,AttackPowerMultiplier,30,Rare,Atk,PercentAdd,0.04
87,AttackPowerMultiplier,30,Epic,Atk,PercentAdd,0.04
88,AttackPowerMultiplier,30,Legendary,Atk,PercentAdd,0.04
89,AttackPowerMultiplier,35,Normal,Atk,PercentAdd,0.04
90,AttackPowerMultiplier,35,Rare,Atk,PercentAdd,0.04
91,AttackPowerMultiplier,35,Epic,Atk,PercentAdd,0.04
92,AttackPowerMultiplier,35,Legendary,Atk,PercentAdd,0.04
93,AttackPowerMultiplier,40,Normal,Atk,PercentAdd,0.04
94,AttackPowerMultiplier,40,Rare,Atk,PercentAdd,0.04
95,AttackPowerMultiplier,40,Epic,Atk,PercentAdd,0.04
96,AttackPowerMultiplier,40,Legendary,Atk,PercentAdd,0.04
97,AttackPowerMultiplier,45,Normal,Atk,PercentAdd,0.04
98,AttackPowerMultiplier,45,Rare,Atk,PercentAdd,0.04
99,AttackPowerMultiplier,45,Epic,Atk,PercentAdd,0.04
100,AttackPowerMultiplier,45,Legendary,Atk,PercentAdd,0.04
101,AttackPowerMultiplier,50,Normal,Atk,PercentAdd,0.04
102,AttackPowerMultiplier,50,Rare,Atk,PercentAdd,0.04
103,AttackPowerMultiplier,50,Epic,Atk,PercentAdd,0.04
104,AttackPowerMultiplier,50,Legendary,Atk,PercentAdd,0.04
105,AttackPowerMultiplier,55,Normal,Atk,PercentAdd,0.04
106,AttackPowerMultiplier,55,Rare,Atk,PercentAdd,0.04
107,AttackPowerMultiplier,55,Epic,Atk,PercentAdd,0.04
108,AttackPowerMultiplier,55,Legendary,Atk,PercentAdd,0.04
109,AttackPowerMultiplier,60,Normal,Atk,PercentAdd,0.04
110,AttackPowerMultiplier,60,Rare,Atk,PercentAdd,0.04
111,AttackPowerMultiplier,60,Epic,Atk,PercentAdd,0.04
112,AttackPowerMultiplier,60,Legendary,Atk,PercentAdd,0.04
113,AttackPowerMultiplier,65,Normal,Atk,PercentAdd,0.04
114,AttackPowerMultiplier,65,Rare,Atk,PercentAdd,0.04
115,AttackPowerMultiplier,65,Epic,Atk,PercentAdd,0.04
116,AttackPowerMultiplier,65,Legendary,Atk,PercentAdd,0.04
117,AttackPowerMultiplier,70,Normal,Atk,PercentAdd,0.04
118,AttackPowerMultiplier,70,Rare,Atk,PercentAdd,0.04
119,AttackPowerMultiplier,70,Epic,Atk,PercentAdd,0.04
120,AttackPowerMultiplier,70,Legendary,Atk,PercentAdd,0.04
121,HpIncrease,1,Normal,MaxHp,Add,20
122,HpIncrease,1,Rare,MaxHp,Add,40
123,HpIncrease,1,Epic,MaxHp,Add,60
124,HpIncrease,1,Legendary,MaxHp,Add,80
125,HpIncrease,5,Normal,MaxHp,Add,20
126,HpIncrease,5,Rare,MaxHp,Add,40
127,HpIncrease,5,Epic,MaxHp,Add,60
128,HpIncrease,5,Legendary,MaxHp,Add,80
129,HpIncrease,10,Normal,MaxHp,Add,20
130,HpIncrease,10,Rare,MaxHp,Add,40
131,HpIncrease,10,Epic,MaxHp,Add,60
132,HpIncrease,10,Legendary,MaxHp,Add,80
133,HpIncrease,15,Normal,MaxHp,Add,20
134,HpIncrease,15,Rare,MaxHp,Add,40
135,HpIncrease,15,Epic,MaxHp,Add,60
136,HpIncrease,15,Legendary,MaxHp,Add,80
137,HpIncrease,20,Normal,MaxHp,Add,20
138,HpIncrease,20,Rare,MaxHp,Add,40
139,HpIncrease,20,Epic,MaxHp,Add,60
140,HpIncrease,20,Legendary,MaxHp,Add,80
141,HpIncrease,25,Normal,MaxHp,Add,20
142,HpIncrease,25,Rare,MaxHp,Add,40
143,HpIncrease,25,Epic,MaxHp,Add,60
144,HpIncrease,25,Legendary,MaxHp,Add,80
145,HpIncrease,30,Normal,MaxHp,Add,20
146,HpIncrease,30,Rare,MaxHp,Add,40
147,HpIncrease,30,Epic,MaxHp,Add,60
148,HpIncrease,30,Legendary,MaxHp,Add,80
149,HpIncrease,35,Normal,MaxHp,Add,20
150,HpIncrease,35,Rare,MaxHp,Add,40
151,HpIncrease,35,Epic,MaxHp,Add,60
152,HpIncrease,35,Legendary,MaxHp,Add,80
153,HpIncrease,40,Normal,MaxHp,Add,20
154,HpIncrease,40,Rare,MaxHp,Add,40
155,HpIncrease,40,Epic,MaxHp,Add,60
156,HpIncrease,40,Legendary,MaxHp,Add,80
157,HpIncrease,45,Normal,MaxHp,Add,20
158,HpIncrease,45,Rare,MaxHp,Add,40
159,HpIncrease,45,Epic,MaxHp,Add,60
160,HpIncrease,45,Legendary,MaxHp,Add,80
161,HpIncrease,50,Normal,MaxHp,Add,20
162,HpIncrease,50,Rare,MaxHp,Add,40
163,HpIncrease,50,Epic,MaxHp,Add,60
164,HpIncrease,50,Legendary,MaxHp,Add,80
165,HpIncrease,55,Normal,MaxHp,Add,20
166,HpIncrease,55,Rare,MaxHp,Add,40
167,HpIncrease,55,Epic,MaxHp,Add,60
168,HpIncrease,55,Legendary,MaxHp,Add,80
169,HpIncrease,60,Normal,MaxHp,Add,20
170,HpIncrease,60,Rare,MaxHp,Add,40
171,HpIncrease,60,Epic,MaxHp,Add,60
172,HpIncrease,60,Legendary,MaxHp,Add,80
173,HpIncrease,65,Normal,MaxHp,Add,20
174,HpIncrease,65,Rare,MaxHp,Add,40
175,HpIncrease,65,Epic,MaxHp,Add,60
176,HpIncrease,65,Legendary,MaxHp,Add,80
177,HpIncrease,70,Normal,MaxHp,Add,20
178,HpIncrease,70,Rare,MaxHp,Add,40
179,HpIncrease,70,Epic,MaxHp,Add,60
180,HpIncrease,70,Legendary,MaxHp,Add,80
181,HpMultiplier,1,Normal,Hp,PercentAdd,0.04
182,HpMultiplier,1,Rare,Hp,PercentAdd,0.04
183,HpMultiplier,1,Epic,Hp,PercentAdd,0.04
184,HpMultiplier,1,Legendary,Hp,PercentAdd,0.04
185,HpMultiplier,5,Normal,Hp,PercentAdd,0.04
186,HpMultiplier,5,Rare,Hp,PercentAdd,0.04
187,HpMultiplier,5,Epic,Hp,PercentAdd,0.04
188,HpMultiplier,5,Legendary,Hp,PercentAdd,0.04
189,HpMultiplier,10,Normal,Hp,PercentAdd,0.04
190,HpMultiplier,10,Rare,Hp,PercentAdd,0.04
191,HpMultiplier,10,Epic,Hp,PercentAdd,0.04
192,HpMultiplier,10,Legendary,Hp,PercentAdd,0.04
193,HpMultiplier,15,Normal,Hp,PercentAdd,0.04
194,HpMultiplier,15,Rare,Hp,PercentAdd,0.04
195,HpMultiplier,15,Epic,Hp,PercentAdd,0.04
196,HpMultiplier,15,Legendary,Hp,PercentAdd,0.04
197,HpMultiplier,20,Normal,Hp,PercentAdd,0.04
198,HpMultiplier,20,Rare,Hp,PercentAdd,0.04
199,HpMultiplier,20,Epic,Hp,PercentAdd,0.04
200,HpMultiplier,20,Legendary,Hp,PercentAdd,0.04
201,HpMultiplier,25,Normal,Hp,PercentAdd,0.04
202,HpMultiplier,25,Rare,Hp,PercentAdd,0.04
203,HpMultiplier,25,Epic,Hp,PercentAdd,0.04
204,HpMultiplier,25,Legendary,Hp,PercentAdd,0.04
205,HpMultiplier,30,Normal,Hp,PercentAdd,0.04
206,HpMultiplier,30,Rare,Hp,PercentAdd,0.04
207,HpMultiplier,30,Epic,Hp,PercentAdd,0.04
208,HpMultiplier,30,Legendary,Hp,PercentAdd,0.04
209,HpMultiplier,35,Normal,Hp,PercentAdd,0.04
210,HpMultiplier,35,Rare,Hp,PercentAdd,0.04
211,HpMultiplier,35,Epic,Hp,PercentAdd,0.04
212,HpMultiplier,35,Legendary,Hp,PercentAdd,0.04
213,HpMultiplier,40,Normal,Hp,PercentAdd,0.04
214,HpMultiplier,40,Rare,Hp,PercentAdd,0.04
215,HpMultiplier,40,Epic,Hp,PercentAdd,0.04
216,HpMultiplier,40,Legendary,Hp,PercentAdd,0.04
217,HpMultiplier,45,Normal,Hp,PercentAdd,0.04
218,HpMultiplier,45,Rare,Hp,PercentAdd,0.04
219,HpMultiplier,45,Epic,Hp,PercentAdd,0.04
220,HpMultiplier,45,Legendary,Hp,PercentAdd,0.04
221,HpMultiplier,50,Normal,Hp,PercentAdd,0.04
222,HpMultiplier,50,Rare,Hp,PercentAdd,0.04
223,HpMultiplier,50,Epic,Hp,PercentAdd,0.04
224,HpMultiplier,50,Legendary,Hp,PercentAdd,0.04
225,HpMultiplier,55,Normal,Hp,PercentAdd,0.04
226,HpMultiplier,55,Rare,Hp,PercentAdd,0.04
227,HpMultiplier,55,Epic,Hp,PercentAdd,0.04
228,HpMultiplier,55,Legendary,Hp,PercentAdd,0.04
229,HpMultiplier,60,Normal,Hp,PercentAdd,0.04
230,HpMultiplier,60,Rare,Hp,PercentAdd,0.04
231,HpMultiplier,60,Epic,Hp,PercentAdd,0.04
232,HpMultiplier,60,Legendary,Hp,PercentAdd,0.04
233,HpMultiplier,65,Normal,Hp,PercentAdd,0.04
234,HpMultiplier,65,Rare,Hp,PercentAdd,0.04
235,HpMultiplier,65,Epic,Hp,PercentAdd,0.04
236,HpMultiplier,65,Legendary,Hp,PercentAdd,0.04
237,HpMultiplier,70,Normal,Hp,PercentAdd,0.04
238,HpMultiplier,70,Rare,Hp,PercentAdd,0.04
239,HpMultiplier,70,Epic,Hp,PercentAdd,0.04
240,HpMultiplier,70,Legendary,Hp,PercentAdd,0.04
241,DamageReduction,1,Normal,ReduceDamage,Add,2
242,DamageReduction,1,Rare,ReduceDamage,Add,4
243,DamageReduction,1,Epic,ReduceDamage,Add,6
244,DamageReduction,1,Legendary,ReduceDamage,Add,8
245,DamageReduction,5,Normal,ReduceDamage,Add,2
246,DamageReduction,5,Rare,ReduceDamage,Add,4
247,DamageReduction,5,Epic,ReduceDamage,Add,6
248,DamageReduction,5,Legendary,ReduceDamage,Add,8
249,DamageReduction,10,Normal,ReduceDamage,Add,2
250,DamageReduction,10,Rare,ReduceDamage,Add,4
251,DamageReduction,10,Epic,ReduceDamage,Add,6
252,DamageReduction,10,Legendary,ReduceDamage,Add,8
253,DamageReduction,15,Normal,ReduceDamage,Add,2
254,DamageReduction,15,Rare,ReduceDamage,Add,4
255,DamageReduction,15,Epic,ReduceDamage,Add,6
256,DamageReduction,15,Legendary,ReduceDamage,Add,8
257,DamageReduction,20,Normal,ReduceDamage,Add,2
258,DamageReduction,20,Rare,ReduceDamage,Add,4
259,DamageReduction,20,Epic,ReduceDamage,Add,6
260,DamageReduction,20,Legendary,ReduceDamage,Add,8
261,DamageReduction,25,Normal,ReduceDamage,Add,2
262,DamageReduction,25,Rare,ReduceDamage,Add,4
263,DamageReduction,25,Epic,ReduceDamage,Add,6
264,DamageReduction,25,Legendary,ReduceDamage,Add,8
265,DamageReduction,30,Normal,ReduceDamage,Add,2
266,DamageReduction,30,Rare,ReduceDamage,Add,4
267,DamageReduction,30,Epic,ReduceDamage,Add,6
268,DamageReduction,30,Legendary,ReduceDamage,Add,8
269,DamageReduction,35,Normal,ReduceDamage,Add,2
270,DamageReduction,35,Rare,ReduceDamage,Add,4
271,DamageReduction,35,Epic,ReduceDamage,Add,6
272,DamageReduction,35,Legendary,ReduceDamage,Add,8
273,DamageReduction,40,Normal,ReduceDamage,Add,2
274,DamageReduction,40,Rare,ReduceDamage,Add,4
275,DamageReduction,40,Epic,ReduceDamage,Add,6
276,DamageReduction,40,Legendary,ReduceDamage,Add,8
277,DamageReduction,45,Normal,ReduceDamage,Add,2
278,DamageReduction,45,Rare,ReduceDamage,Add,4
279,DamageReduction,45,Epic,ReduceDamage,Add,6
280,DamageReduction,45,Legendary,ReduceDamage,Add,8
281,DamageReduction,50,Normal,ReduceDamage,Add,2
282,DamageReduction,50,Rare,ReduceDamage,Add,4
283,DamageReduction,50,Epic,ReduceDamage,Add,6
284,DamageReduction,50,Legendary,ReduceDamage,Add,8
285,DamageReduction,55,Normal,ReduceDamage,Add,2
286,DamageReduction,55,Rare,ReduceDamage,Add,4
287,DamageReduction,55,Epic,ReduceDamage,Add,6
288,DamageReduction,55,Legendary,ReduceDamage,Add,8
289,DamageReduction,60,Normal,ReduceDamage,Add,2
290,DamageReduction,60,Rare,ReduceDamage,Add,4
291,DamageReduction,60,Epic,ReduceDamage,Add,6
292,DamageReduction,60,Legendary,ReduceDamage,Add,8
293,DamageReduction,65,Normal,ReduceDamage,Add,2
294,DamageReduction,65,Rare,ReduceDamage,Add,4
295,DamageReduction,65,Epic,ReduceDamage,Add,6
296,DamageReduction,65,Legendary,ReduceDamage,Add,8
297,DamageReduction,70,Normal,ReduceDamage,Add,2
298,DamageReduction,70,Rare,ReduceDamage,Add,4
299,DamageReduction,70,Epic,ReduceDamage,Add,6
300,DamageReduction,70,Legendary,ReduceDamage,Add,8
301,DamageReductionRate,1,Normal,ReduceDamageRate,PercentAdd,0.01
302,DamageReductionRate,1,Rare,ReduceDamageRate,PercentAdd,0.02
303,DamageReductionRate,1,Epic,ReduceDamageRate,PercentAdd,0.03
304,DamageReductionRate,1,Legendary,ReduceDamageRate,PercentAdd,0.04
305,DamageReductionRate,5,Normal,ReduceDamageRate,PercentAdd,0.01
306,DamageReductionRate,5,Rare,ReduceDamageRate,PercentAdd,0.02
307,DamageReductionRate,5,Epic,ReduceDamageRate,PercentAdd,0.03
308,DamageReductionRate,5,Legendary,ReduceDamageRate,PercentAdd,0.04
309,DamageReductionRate,10,Normal,ReduceDamageRate,PercentAdd,0.01
310,DamageReductionRate,10,Rare,ReduceDamageRate,PercentAdd,0.02
311,DamageReductionRate,10,Epic,ReduceDamageRate,PercentAdd,0.03
312,DamageReductionRate,10,Legendary,ReduceDamageRate,PercentAdd,0.04
313,DamageReductionRate,15,Normal,ReduceDamageRate,PercentAdd,0.01
314,DamageReductionRate,15,Rare,ReduceDamageRate,PercentAdd,0.02
315,DamageReductionRate,15,Epic,ReduceDamageRate,PercentAdd,0.03
316,DamageReductionRate,15,Legendary,ReduceDamageRate,PercentAdd,0.04
317,DamageReductionRate,20,Normal,ReduceDamageRate,PercentAdd,0.01
318,DamageReductionRate,20,Rare,ReduceDamageRate,PercentAdd,0.02
319,DamageReductionRate,20,Epic,ReduceDamageRate,PercentAdd,0.03
320,DamageReductionRate,20,Legendary,ReduceDamageRate,PercentAdd,0.04
321,DamageReductionRate,25,Normal,ReduceDamageRate,PercentAdd,0.01
322,DamageReductionRate,25,Rare,ReduceDamageRate,PercentAdd,0.02
323,DamageReductionRate,25,Epic,ReduceDamageRate,PercentAdd,0.03
324,DamageReductionRate,25,Legendary,ReduceDamageRate,PercentAdd,0.04
325,DamageReductionRate,30,Normal,ReduceDamageRate,PercentAdd,0.01
326,DamageReductionRate,30,Rare,ReduceDamageRate,PercentAdd,0.02
327,DamageReductionRate,30,Epic,ReduceDamageRate,PercentAdd,0.03
328,DamageReductionRate,30,Legendary,ReduceDamageRate,PercentAdd,0.04
329,DamageReductionRate,35,Normal,ReduceDamageRate,PercentAdd,0.01
330,DamageReductionRate,35,Rare,ReduceDamageRate,PercentAdd,0.02
331,DamageReductionRate,35,Epic,ReduceDamageRate,PercentAdd,0.03
332,DamageReductionRate,35,Legendary,ReduceDamageRate,PercentAdd,0.04
333,DamageReductionRate,40,Normal,ReduceDamageRate,PercentAdd,0.01
334,DamageReductionRate,40,Rare,ReduceDamageRate,PercentAdd,0.02
335,DamageReductionRate,40,Epic,ReduceDamageRate,PercentAdd,0.03
336,DamageReductionRate,40,Legendary,ReduceDamageRate,PercentAdd,0.04
337,DamageReductionRate,45,Normal,ReduceDamageRate,PercentAdd,0.01
338,DamageReductionRate,45,Rare,ReduceDamageRate,PercentAdd,0.02
339,DamageReductionRate,45,Epic,ReduceDamageRate,PercentAdd,0.03
340,DamageReductionRate,45,Legendary,ReduceDamageRate,PercentAdd,0.04
341,DamageReductionRate,50,Normal,ReduceDamageRate,PercentAdd,0.01
342,DamageReductionRate,50,Rare,ReduceDamageRate,PercentAdd,0.02
343,DamageReductionRate,50,Epic,ReduceDamageRate,PercentAdd,0.03
344,DamageReductionRate,50,Legendary,ReduceDamageRate,PercentAdd,0.04
345,DamageReductionRate,55,Normal,ReduceDamageRate,PercentAdd,0.01
346,DamageReductionRate,55,Rare,ReduceDamageRate,PercentAdd,0.02
347,DamageReductionRate,55,Epic,ReduceDamageRate,PercentAdd,0.03
348,DamageReductionRate,55,Legendary,ReduceDamageRate,PercentAdd,0.04
349,DamageReductionRate,60,Normal,ReduceDamageRate,PercentAdd,0.01
350,DamageReductionRate,60,Rare,ReduceDamageRate,PercentAdd,0.02
351,DamageReductionRate,60,Epic,ReduceDamageRate,PercentAdd,0.03
352,DamageReductionRate,60,Legendary,ReduceDamageRate,PercentAdd,0.04
353,DamageReductionRate,65,Normal,ReduceDamageRate,PercentAdd,0.01
354,DamageReductionRate,65,Rare,ReduceDamageRate,PercentAdd,0.02
355,DamageReductionRate,65,Epic,ReduceDamageRate,PercentAdd,0.03
356,DamageReductionRate,65,Legendary,ReduceDamageRate,PercentAdd,0.04
357,DamageReductionRate,70,Normal,ReduceDamageRate,PercentAdd,0.01
358,DamageReductionRate,70,Rare,ReduceDamageRate,PercentAdd,0.02
359,DamageReductionRate,70,Epic,ReduceDamageRate,PercentAdd,0.03
360,DamageReductionRate,70,Legendary,ReduceDamageRate,PercentAdd,0.04
361,AttackSpeed,1,Normal,AttackSpeedRate,PercentAdd,0.04
362,AttackSpeed,1,Rare,AttackSpeedRate,PercentAdd,0.04
363,AttackSpeed,1,Epic,AttackSpeedRate,PercentAdd,0.04
364,AttackSpeed,1,Legendary,AttackSpeedRate,PercentAdd,0.04
365,AttackSpeed,5,Normal,AttackSpeedRate,PercentAdd,0.04
366,AttackSpeed,5,Rare,AttackSpeedRate,PercentAdd,0.04
367,AttackSpeed,5,Epic,AttackSpeedRate,PercentAdd,0.04
368,AttackSpeed,5,Legendary,AttackSpeedRate,PercentAdd,0.04
369,AttackSpeed,10,Normal,AttackSpeedRate,PercentAdd,0.04
370,AttackSpeed,10,Rare,AttackSpeedRate,PercentAdd,0.04
371,AttackSpeed,10,Epic,AttackSpeedRate,PercentAdd,0.04
372,AttackSpeed,10,Legendary,AttackSpeedRate,PercentAdd,0.04
373,AttackSpeed,15,Normal,AttackSpeedRate,PercentAdd,0.04
374,AttackSpeed,15,Rare,AttackSpeedRate,PercentAdd,0.04
375,AttackSpeed,15,Epic,AttackSpeedRate,PercentAdd,0.04
376,AttackSpeed,15,Legendary,AttackSpeedRate,PercentAdd,0.04
377,AttackSpeed,20,Normal,AttackSpeedRate,PercentAdd,0.04
378,AttackSpeed,20,Rare,AttackSpeedRate,PercentAdd,0.04
379,AttackSpeed,20,Epic,AttackSpeedRate,PercentAdd,0.04
380,AttackSpeed,20,Legendary,AttackSpeedRate,PercentAdd,0.04
381,AttackSpeed,25,Normal,AttackSpeedRate,PercentAdd,0.04
382,AttackSpeed,25,Rare,AttackSpeedRate,PercentAdd,0.04
383,AttackSpeed,25,Epic,AttackSpeedRate,PercentAdd,0.04
384,AttackSpeed,25,Legendary,AttackSpeedRate,PercentAdd,0.04
385,AttackSpeed,30,Normal,AttackSpeedRate,PercentAdd,0.04
386,AttackSpeed,30,Rare,AttackSpeedRate,PercentAdd,0.04
387,AttackSpeed,30,Epic,AttackSpeedRate,PercentAdd,0.04
388,AttackSpeed,30,Legendary,AttackSpeedRate,PercentAdd,0.04
389,AttackSpeed,35,Normal,AttackSpeedRate,PercentAdd,0.04
390,AttackSpeed,35,Rare,AttackSpeedRate,PercentAdd,0.04
391,AttackSpeed,35,Epic,AttackSpeedRate,PercentAdd,0.04
392,AttackSpeed,35,Legendary,AttackSpeedRate,PercentAdd,0.04
393,AttackSpeed,40,Normal,AttackSpeedRate,PercentAdd,0.04
394,AttackSpeed,40,Rare,AttackSpeedRate,PercentAdd,0.04
395,AttackSpeed,40,Epic,AttackSpeedRate,PercentAdd,0.04
396,AttackSpeed,40,Legendary,AttackSpeedRate,PercentAdd,0.04
397,AttackSpeed,45,Normal,AttackSpeedRate,PercentAdd,0.04
398,AttackSpeed,45,Rare,AttackSpeedRate,PercentAdd,0.04
399,AttackSpeed,45,Epic,AttackSpeedRate,PercentAdd,0.04
400,AttackSpeed,45,Legendary,AttackSpeedRate,PercentAdd,0.04
401,AttackSpeed,50,Normal,AttackSpeedRate,PercentAdd,0.04
402,AttackSpeed,50,Rare,AttackSpeedRate,PercentAdd,0.04
403,AttackSpeed,50,Epic,AttackSpeedRate,PercentAdd,0.04
404,AttackSpeed,50,Legendary,AttackSpeedRate,PercentAdd,0.04
405,AttackSpeed,55,Normal,AttackSpeedRate,PercentAdd,0.04
406,AttackSpeed,55,Rare,AttackSpeedRate,PercentAdd,0.04
407,AttackSpeed,55,Epic,AttackSpeedRate,PercentAdd,0.04
408,AttackSpeed,55,Legendary,AttackSpeedRate,PercentAdd,0.04
409,AttackSpeed,60,Normal,AttackSpeedRate,PercentAdd,0.04
410,AttackSpeed,60,Rare,AttackSpeedRate,PercentAdd,0.04
411,AttackSpeed,60,Epic,AttackSpeedRate,PercentAdd,0.04
412,AttackSpeed,60,Legendary,AttackSpeedRate,PercentAdd,0.04
413,AttackSpeed,65,Normal,AttackSpeedRate,PercentAdd,0.04
414,AttackSpeed,65,Rare,AttackSpeedRate,PercentAdd,0.04
415,AttackSpeed,65,Epic,AttackSpeedRate,PercentAdd,0.04
416,AttackSpeed,65,Legendary,AttackSpeedRate,PercentAdd,0.04
417,AttackSpeed,70,Normal,AttackSpeedRate,PercentAdd,0.04
418,AttackSpeed,70,Rare,AttackSpeedRate,PercentAdd,0.04
419,AttackSpeed,70,Epic,AttackSpeedRate,PercentAdd,0.04
420,AttackSpeed,70,Legendary,AttackSpeedRate,PercentAdd,0.04
421,Critical,1,Normal,Critical,Add,0.08
422,Critical,1,Rare,Critical,Add,0.08
423,Critical,1,Epic,Critical,Add,0.08
424,Critical,1,Legendary,Critical,Add,0.08
425,Critical,5,Normal,Critical,Add,0.08
426,Critical,5,Rare,Critical,Add,0.08
427,Critical,5,Epic,Critical,Add,0.08
428,Critical,5,Legendary,Critical,Add,0.08
429,Critical,10,Normal,Critical,Add,0.08
430,Critical,10,Rare,Critical,Add,0.08
431,Critical,10,Epic,Critical,Add,0.08
432,Critical,10,Legendary,Critical,Add,0.08
433,Critical,15,Normal,Critical,Add,0.08
434,Critical,15,Rare,Critical,Add,0.08
435,Critical,15,Epic,Critical,Add,0.08
436,Critical,15,Legendary,Critical,Add,0.08
437,Critical,20,Normal,Critical,Add,0.08
438,Critical,20,Rare,Critical,Add,0.08
439,Critical,20,Epic,Critical,Add,0.08
440,Critical,20,Legendary,Critical,Add,0.08
441,Critical,25,Normal,Critical,Add,0.08
442,Critical,25,Rare,Critical,Add,0.08
443,Critical,25,Epic,Critical,Add,0.08
444,Critical,25,Legendary,Critical,Add,0.08
445,Critical,30,Normal,Critical,Add,0.08
446,Critical,30,Rare,Critical,Add,0.08
447,Critical,30,Epic,Critical,Add,0.08
448,Critical,30,Legendary,Critical,Add,0.08
449,Critical,35,Normal,Critical,Add,0.08
450,Critical,35,Rare,Critical,Add,0.08
451,Critical,35,Epic,Critical,Add,0.08
452,Critical,35,Legendary,Critical,Add,0.08
453,Critical,40,Normal,Critical,Add,0.08
454,Critical,40,Rare,Critical,Add,0.08
455,Critical,40,Epic,Critical,Add,0.08
456,Critical,40,Legendary,Critical,Add,0.08
457,Critical,45,Normal,Critical,Add,0.08
458,Critical,45,Rare,Critical,Add,0.08
459,Critical,45,Epic,Critical,Add,0.08
460,Critical,45,Legendary,Critical,Add,0.08
461,Critical,50,Normal,Critical,Add,0.08
462,Critical,50,Rare,Critical,Add,0.08
463,Critical,50,Epic,Critical,Add,0.08
464,Critical,50,Legendary,Critical,Add,0.08
465,Critical,55,Normal,Critical,Add,0.08
466,Critical,55,Rare,Critical,Add,0.08
467,Critical,55,Epic,Critical,Add,0.08
468,Critical,55,Legendary,Critical,Add,0.08
469,Critical,60,Normal,Critical,Add,0.08
470,Critical,60,Rare,Critical,Add,0.08
471,Critical,60,Epic,Critical,Add,0.08
472,Critical,60,Legendary,Critical,Add,0.08
473,Critical,65,Normal,Critical,Add,0.08
474,Critical,65,Rare,Critical,Add,0.08
475,Critical,65,Epic,Critical,Add,0.08
476,Critical,65,Legendary,Critical,Add,0.08
477,Critical,70,Normal,Critical,Add,0.08
478,Critical,70,Rare,Critical,Add,0.08
479,Critical,70,Epic,Critical,Add,0.08
480,Critical,70,Legendary,Critical,Add,0.08
481,CriticalDamage,1,Normal,CriticalDamage,Add,0.08
482,CriticalDamage,1,Rare,CriticalDamage,Add,0.08
483,CriticalDamage,1,Epic,CriticalDamage,Add,0.08
484,CriticalDamage,1,Legendary,CriticalDamage,Add,0.08
485,CriticalDamage,5,Normal,CriticalDamage,Add,0.08
486,CriticalDamage,5,Rare,CriticalDamage,Add,0.08
487,CriticalDamage,5,Epic,CriticalDamage,Add,0.08
488,CriticalDamage,5,Legendary,CriticalDamage,Add,0.08
489,CriticalDamage,10,Normal,CriticalDamage,Add,0.08
490,CriticalDamage,10,Rare,CriticalDamage,Add,0.08
491,CriticalDamage,10,Epic,CriticalDamage,Add,0.08
492,CriticalDamage,10,Legendary,CriticalDamage,Add,0.08
493,CriticalDamage,15,Normal,CriticalDamage,Add,0.08
494,CriticalDamage,15,Rare,CriticalDamage,Add,0.08
495,CriticalDamage,15,Epic,CriticalDamage,Add,0.08
496,CriticalDamage,15,Legendary,CriticalDamage,Add,0.08
497,CriticalDamage,20,Normal,CriticalDamage,Add,0.08
498,CriticalDamage,20,Rare,CriticalDamage,Add,0.08
499,CriticalDamage,20,Epic,CriticalDamage,Add,0.08
500,CriticalDamage,20,Legendary,CriticalDamage,Add,0.08
501,CriticalDamage,25,Normal,CriticalDamage,Add,0.08
502,CriticalDamage,25,Rare,CriticalDamage,Add,0.08
503,CriticalDamage,25,Epic,CriticalDamage,Add,0.08
504,CriticalDamage,25,Legendary,CriticalDamage,Add,0.08
505,CriticalDamage,30,Normal,CriticalDamage,Add,0.08
506,CriticalDamage,30,Rare,CriticalDamage,Add,0.08
507,CriticalDamage,30,Epic,CriticalDamage,Add,0.08
508,CriticalDamage,30,Legendary,CriticalDamage,Add,0.08
509,CriticalDamage,35,Normal,CriticalDamage,Add,0.08
510,CriticalDamage,35,Rare,CriticalDamage,Add,0.08
511,CriticalDamage,35,Epic,CriticalDamage,Add,0.08
512,CriticalDamage,35,Legendary,CriticalDamage,Add,0.08
513,CriticalDamage,40,Normal,CriticalDamage,Add,0.08
514,CriticalDamage,40,Rare,CriticalDamage,Add,0.08
515,CriticalDamage,40,Epic,CriticalDamage,Add,0.08
516,CriticalDamage,40,Legendary,CriticalDamage,Add,0.08
517,CriticalDamage,45,Normal,CriticalDamage,Add,0.08
518,CriticalDamage,45,Rare,CriticalDamage,Add,0.08
519,CriticalDamage,45,Epic,CriticalDamage,Add,0.08
520,CriticalDamage,45,Legendary,CriticalDamage,Add,0.08
521,CriticalDamage,50,Normal,CriticalDamage,Add,0.08
522,CriticalDamage,50,Rare,CriticalDamage,Add,0.08
523,CriticalDamage,50,Epic,CriticalDamage,Add,0.08
524,CriticalDamage,50,Legendary,CriticalDamage,Add,0.08
525,CriticalDamage,55,Normal,CriticalDamage,Add,0.08
526,CriticalDamage,55,Rare,CriticalDamage,Add,0.08
527,CriticalDamage,55,Epic,CriticalDamage,Add,0.08
528,CriticalDamage,55,Legendary,CriticalDamage,Add,0.08
529,CriticalDamage,60,Normal,CriticalDamage,Add,0.08
530,CriticalDamage,60,Rare,CriticalDamage,Add,0.08
531,CriticalDamage,60,Epic,CriticalDamage,Add,0.08
532,CriticalDamage,60,Legendary,CriticalDamage,Add,0.08
533,CriticalDamage,65,Normal,CriticalDamage,Add,0.08
534,CriticalDamage,65,Rare,CriticalDamage,Add,0.08
535,CriticalDamage,65,Epic,CriticalDamage,Add,0.08
536,CriticalDamage,65,Legendary,CriticalDamage,Add,0.08
537,CriticalDamage,70,Normal,CriticalDamage,Add,0.08
538,CriticalDamage,70,Rare,CriticalDamage,Add,0.08
539,CriticalDamage,70,Epic,CriticalDamage,Add,0.08
540,CriticalDamage,70,Legendary,CriticalDamage,Add,0.08
541,MissChance,1,Normal,MissChance,PercentAdd,0.04
542,MissChance,1,Rare,MissChance,PercentAdd,0.04
543,MissChance,1,Epic,MissChance,PercentAdd,0.04
544,MissChance,1,Legendary,MissChance,PercentAdd,0.04
545,MissChance,5,Normal,MissChance,PercentAdd,0.04
546,MissChance,5,Rare,MissChance,PercentAdd,0.04
547,MissChance,5,Epic,MissChance,PercentAdd,0.04
548,MissChance,5,Legendary,MissChance,PercentAdd,0.04
549,MissChance,10,Normal,MissChance,PercentAdd,0.04
550,MissChance,10,Rare,MissChance,PercentAdd,0.04
551,MissChance,10,Epic,MissChance,PercentAdd,0.04
552,MissChance,10,Legendary,MissChance,PercentAdd,0.04
553,MissChance,15,Normal,MissChance,PercentAdd,0.04
554,MissChance,15,Rare,MissChance,PercentAdd,0.04
555,MissChance,15,Epic,MissChance,PercentAdd,0.04
556,MissChance,15,Legendary,MissChance,PercentAdd,0.04
557,MissChance,20,Normal,MissChance,PercentAdd,0.04
558,MissChance,20,Rare,MissChance,PercentAdd,0.04
559,MissChance,20,Epic,MissChance,PercentAdd,0.04
560,MissChance,20,Legendary,MissChance,PercentAdd,0.04
561,MissChance,25,Normal,MissChance,PercentAdd,0.04
562,MissChance,25,Rare,MissChance,PercentAdd,0.04
563,MissChance,25,Epic,MissChance,PercentAdd,0.04
564,MissChance,25,Legendary,MissChance,PercentAdd,0.04
565,MissChance,30,Normal,MissChance,PercentAdd,0.04
566,MissChance,30,Rare,MissChance,PercentAdd,0.04
567,MissChance,30,Epic,MissChance,PercentAdd,0.04
568,MissChance,30,Legendary,MissChance,PercentAdd,0.04
569,MissChance,35,Normal,MissChance,PercentAdd,0.04
570,MissChance,35,Rare,MissChance,PercentAdd,0.04
571,MissChance,35,Epic,MissChance,PercentAdd,0.04
572,MissChance,35,Legendary,MissChance,PercentAdd,0.04
573,MissChance,40,Normal,MissChance,PercentAdd,0.04
574,MissChance,40,Rare,MissChance,PercentAdd,0.04
575,MissChance,40,Epic,MissChance,PercentAdd,0.04
576,MissChance,40,Legendary,MissChance,PercentAdd,0.04
577,MissChance,45,Normal,MissChance,PercentAdd,0.04
578,MissChance,45,Rare,MissChance,PercentAdd,0.04
579,MissChance,45,Epic,MissChance,PercentAdd,0.04
580,MissChance,45,Legendary,MissChance,PercentAdd,0.04
581,MissChance,50,Normal,MissChance,PercentAdd,0.04
582,MissChance,50,Rare,MissChance,PercentAdd,0.04
583,MissChance,50,Epic,MissChance,PercentAdd,0.04
584,MissChance,50,Legendary,MissChance,PercentAdd,0.04
585,MissChance,55,Normal,MissChance,PercentAdd,0.04
586,MissChance,55,Rare,MissChance,PercentAdd,0.04
587,MissChance,55,Epic,MissChance,PercentAdd,0.04
588,MissChance,55,Legendary,MissChance,PercentAdd,0.04
589,MissChance,60,Normal,MissChance,PercentAdd,0.04
590,MissChance,60,Rare,MissChance,PercentAdd,0.04
591,MissChance,60,Epic,MissChance,PercentAdd,0.04
592,MissChance,60,Legendary,MissChance,PercentAdd,0.04
593,MissChance,65,Normal,MissChance,PercentAdd,0.04
594,MissChance,65,Rare,MissChance,PercentAdd,0.04
595,MissChance,65,Epic,MissChance,PercentAdd,0.04
596,MissChance,65,Legendary,MissChance,PercentAdd,0.04
597,MissChance,70,Normal,MissChance,PercentAdd,0.04
598,MissChance,70,Rare,MissChance,PercentAdd,0.04
599,MissChance,70,Epic,MissChance,PercentAdd,0.04
600,MissChance,70,Legendary,MissChance,PercentAdd,0.04
601,MoveSpeed,1,Normal,MoveSpeed,PercentAdd,0.01
602,MoveSpeed,1,Rare,MoveSpeed,PercentAdd,0.01
603,MoveSpeed,1,Epic,MoveSpeed,PercentAdd,0.01
604,MoveSpeed,1,Legendary,MoveSpeed,PercentAdd,0.01
605,MoveSpeed,5,Normal,MoveSpeed,PercentAdd,0.01
606,MoveSpeed,5,Rare,MoveSpeed,PercentAdd,0.01
607,MoveSpeed,5,Epic,MoveSpeed,PercentAdd,0.01
608,MoveSpeed,5,Legendary,MoveSpeed,PercentAdd,0.01
609,MoveSpeed,10,Normal,MoveSpeed,PercentAdd,0.01
610,MoveSpeed,10,Rare,MoveSpeed,PercentAdd,0.01
611,MoveSpeed,10,Epic,MoveSpeed,PercentAdd,0.01
612,MoveSpeed,10,Legendary,MoveSpeed,PercentAdd,0.01
613,MoveSpeed,15,Normal,MoveSpeed,PercentAdd,0.01
614,MoveSpeed,15,Rare,MoveSpeed,PercentAdd,0.01
615,MoveSpeed,15,Epic,MoveSpeed,PercentAdd,0.01
616,MoveSpeed,15,Legendary,MoveSpeed,PercentAdd,0.01
617,MoveSpeed,20,Normal,MoveSpeed,PercentAdd,0.01
618,MoveSpeed,20,Rare,MoveSpeed,PercentAdd,0.01
619,MoveSpeed,20,Epic,MoveSpeed,PercentAdd,0.01
620,MoveSpeed,20,Legendary,MoveSpeed,PercentAdd,0.01
621,MoveSpeed,25,Normal,MoveSpeed,PercentAdd,0.01
622,MoveSpeed,25,Rare,MoveSpeed,PercentAdd,0.01
623,MoveSpeed,25,Epic,MoveSpeed,PercentAdd,0.01
624,MoveSpeed,25,Legendary,MoveSpeed,PercentAdd,0.01
625,MoveSpeed,30,Normal,MoveSpeed,PercentAdd,0.01
626,MoveSpeed,30,Rare,MoveSpeed,PercentAdd,0.01
627,MoveSpeed,30,Epic,MoveSpeed,PercentAdd,0.01
628,MoveSpeed,30,Legendary,MoveSpeed,PercentAdd,0.01
629,MoveSpeed,35,Normal,MoveSpeed,PercentAdd,0.01
630,MoveSpeed,35,Rare,MoveSpeed,PercentAdd,0.01
631,MoveSpeed,35,Epic,MoveSpeed,PercentAdd,0.01
632,MoveSpeed,35,Legendary,MoveSpeed,PercentAdd,0.01
633,MoveSpeed,40,Normal,MoveSpeed,PercentAdd,0.01
634,MoveSpeed,40,Rare,MoveSpeed,PercentAdd,0.01
635,MoveSpeed,40,Epic,MoveSpeed,PercentAdd,0.01
636,MoveSpeed,40,Legendary,MoveSpeed,PercentAdd,0.01
637,MoveSpeed,45,Normal,MoveSpeed,PercentAdd,0.01
638,MoveSpeed,45,Rare,MoveSpeed,PercentAdd,0.01
639,MoveSpeed,45,Epic,MoveSpeed,PercentAdd,0.01
640,MoveSpeed,45,Legendary,MoveSpeed,PercentAdd,0.01
641,MoveSpeed,50,Normal,MoveSpeed,PercentAdd,0.01
642,MoveSpeed,50,Rare,MoveSpeed,PercentAdd,0.01
643,MoveSpeed,50,Epic,MoveSpeed,PercentAdd,0.01
644,MoveSpeed,50,Legendary,MoveSpeed,PercentAdd,0.01
645,MoveSpeed,55,Normal,MoveSpeed,PercentAdd,0.01
646,MoveSpeed,55,Rare,MoveSpeed,PercentAdd,0.01
647,MoveSpeed,55,Epic,MoveSpeed,PercentAdd,0.01
648,MoveSpeed,55,Legendary,MoveSpeed,PercentAdd,0.01
649,MoveSpeed,60,Normal,MoveSpeed,PercentAdd,0.01
650,MoveSpeed,60,Rare,MoveSpeed,PercentAdd,0.01
651,MoveSpeed,60,Epic,MoveSpeed,PercentAdd,0.01
652,MoveSpeed,60,Legendary,MoveSpeed,PercentAdd,0.01
653,MoveSpeed,65,Normal,MoveSpeed,PercentAdd,0.01
654,MoveSpeed,65,Rare,MoveSpeed,PercentAdd,0.01
655,MoveSpeed,65,Epic,MoveSpeed,PercentAdd,0.01
656,MoveSpeed,65,Legendary,MoveSpeed,PercentAdd,0.01
657,MoveSpeed,70,Normal,MoveSpeed,PercentAdd,0.01
658,MoveSpeed,70,Rare,MoveSpeed,PercentAdd,0.01
659,MoveSpeed,70,Epic,MoveSpeed,PercentAdd,0.01
660,MoveSpeed,70,Legendary,MoveSpeed,PercentAdd,0.01
661,CooldownReduction,1,Normal,CooldownReduction,Add,0.5
662,CooldownReduction,1,Rare,CooldownReduction,Add,1
663,CooldownReduction,1,Epic,CooldownReduction,Add,1.5
664,CooldownReduction,1,Legendary,CooldownReduction,Add,2
665,CooldownReduction,5,Normal,CooldownReduction,Add,0.5
666,CooldownReduction,5,Rare,CooldownReduction,Add,1
667,CooldownReduction,5,Epic,CooldownReduction,Add,1.5
668,CooldownReduction,5,Legendary,CooldownReduction,Add,2
669,CooldownReduction,10,Normal,CooldownReduction,Add,0.5
670,CooldownReduction,10,Rare,CooldownReduction,Add,1
671,CooldownReduction,10,Epic,CooldownReduction,Add,1.5
672,CooldownReduction,10,Legendary,CooldownReduction,Add,2
673,CooldownReduction,15,Normal,CooldownReduction,Add,0.5
674,CooldownReduction,15,Rare,CooldownReduction,Add,1
675,CooldownReduction,15,Epic,CooldownReduction,Add,1.5
676,CooldownReduction,15,Legendary,CooldownReduction,Add,2
677,CooldownReduction,20,Normal,CooldownReduction,Add,0.5
678,CooldownReduction,20,Rare,CooldownReduction,Add,1
679,CooldownReduction,20,Epic,CooldownReduction,Add,1.5
680,CooldownReduction,20,Legendary,CooldownReduction,Add,2
681,CooldownReduction,25,Normal,CooldownReduction,Add,0.5
682,CooldownReduction,25,Rare,CooldownReduction,Add,1
683,CooldownReduction,25,Epic,CooldownReduction,Add,1.5
684,CooldownReduction,25,Legendary,CooldownReduction,Add,2
685,CooldownReduction,30,Normal,CooldownReduction,Add,0.5
686,CooldownReduction,30,Rare,CooldownReduction,Add,1
687,CooldownReduction,30,Epic,CooldownReduction,Add,1.5
688,CooldownReduction,30,Legendary,CooldownReduction,Add,2
689,CooldownReduction,35,Normal,CooldownReduction,Add,0.5
690,CooldownReduction,35,Rare,CooldownReduction,Add,1
691,CooldownReduction,35,Epic,CooldownReduction,Add,1.5
692,CooldownReduction,35,Legendary,CooldownReduction,Add,2
693,CooldownReduction,40,Normal,CooldownReduction,Add,0.5
694,CooldownReduction,40,Rare,CooldownReduction,Add,1
695,CooldownReduction,40,Epic,CooldownReduction,Add,1.5
696,CooldownReduction,40,Legendary,CooldownReduction,Add,2
697,CooldownReduction,45,Normal,CooldownReduction,Add,0.5
698,CooldownReduction,45,Rare,CooldownReduction,Add,1
699,CooldownReduction,45,Epic,CooldownReduction,Add,1.5
700,CooldownReduction,45,Legendary,CooldownReduction,Add,2
701,CooldownReduction,50,Normal,CooldownReduction,Add,0.5
702,CooldownReduction,50,Rare,CooldownReduction,Add,1
703,CooldownReduction,50,Epic,CooldownReduction,Add,1.5
704,CooldownReduction,50,Legendary,CooldownReduction,Add,2
705,CooldownReduction,55,Normal,CooldownReduction,Add,0.5
706,CooldownReduction,55,Rare,CooldownReduction,Add,1
707,CooldownReduction,55,Epic,CooldownReduction,Add,1.5
708,CooldownReduction,55,Legendary,CooldownReduction,Add,2
709,CooldownReduction,60,Normal,CooldownReduction,Add,0.5
710,CooldownReduction,60,Rare,CooldownReduction,Add,1
711,CooldownReduction,60,Epic,CooldownReduction,Add,1.5
712,CooldownReduction,60,Legendary,CooldownReduction,Add,2
713,CooldownReduction,65,Normal,CooldownReduction,Add,0.5
714,CooldownReduction,65,Rare,CooldownReduction,Add,1
715,CooldownReduction,65,Epic,CooldownReduction,Add,1.5
716,CooldownReduction,65,Legendary,CooldownReduction,Add,2
717,CooldownReduction,70,Normal,CooldownReduction,Add,0.5
718,CooldownReduction,70,Rare,CooldownReduction,Add,1
719,CooldownReduction,70,Epic,CooldownReduction,Add,1.5
720,CooldownReduction,70,Legendary,CooldownReduction,Add,2
721,LifeSteal,1,Normal,LifeStealRate,Add,0.005
722,LifeSteal,1,Rare,LifeStealRate,Add,0.01
723,LifeSteal,1,Epic,LifeStealRate,Add,0.015
724,LifeSteal,1,Legendary,LifeStealRate,Add,0.02
725,LifeSteal,5,Normal,LifeStealRate,Add,0.005
726,LifeSteal,5,Rare,LifeStealRate,Add,0.01
727,LifeSteal,5,Epic,LifeStealRate,Add,0.015
728,LifeSteal,5,Legendary,LifeStealRate,Add,0.02
729,LifeSteal,10,Normal,LifeStealRate,Add,0.005
730,LifeSteal,10,Rare,LifeStealRate,Add,0.01
731,LifeSteal,10,Epic,LifeStealRate,Add,0.015
732,LifeSteal,10,Legendary,LifeStealRate,Add,0.02
733,LifeSteal,15,Normal,LifeStealRate,Add,0.005
734,LifeSteal,15,Rare,LifeStealRate,Add,0.01
735,LifeSteal,15,Epic,LifeStealRate,Add,0.015
736,LifeSteal,15,Legendary,LifeStealRate,Add,0.02
737,LifeSteal,20,Normal,LifeStealRate,Add,0.005
738,LifeSteal,20,Rare,LifeStealRate,Add,0.01
739,LifeSteal,20,Epic,LifeStealRate,Add,0.015
740,LifeSteal,20,Legendary,LifeStealRate,Add,0.02
741,LifeSteal,25,Normal,LifeStealRate,Add,0.005
742,LifeSteal,25,Rare,LifeStealRate,Add,0.01
743,LifeSteal,25,Epic,LifeStealRate,Add,0.015
744,LifeSteal,25,Legendary,LifeStealRate,Add,0.02
745,LifeSteal,30,Normal,LifeStealRate,Add,0.005
746,LifeSteal,30,Rare,LifeStealRate,Add,0.01
747,LifeSteal,30,Epic,LifeStealRate,Add,0.015
748,LifeSteal,30,Legendary,LifeStealRate,Add,0.02
749,LifeSteal,35,Normal,LifeStealRate,Add,0.005
750,LifeSteal,35,Rare,LifeStealRate,Add,0.01
751,LifeSteal,35,Epic,LifeStealRate,Add,0.015
752,LifeSteal,35,Legendary,LifeStealRate,Add,0.02
753,LifeSteal,40,Normal,LifeStealRate,Add,0.005
754,LifeSteal,40,Rare,LifeStealRate,Add,0.01
755,LifeSteal,40,Epic,LifeStealRate,Add,0.015
756,LifeSteal,40,Legendary,LifeStealRate,Add,0.02
757,LifeSteal,45,Normal,LifeStealRate,Add,0.005
758,LifeSteal,45,Rare,LifeStealRate,Add,0.01
759,LifeSteal,45,Epic,LifeStealRate,Add,0.015
760,LifeSteal,45,Legendary,LifeStealRate,Add,0.02
761,LifeSteal,50,Normal,LifeStealRate,Add,0.005
762,LifeSteal,50,Rare,LifeStealRate,Add,0.01
763,LifeSteal,50,Epic,LifeStealRate,Add,0.015
764,LifeSteal,50,Legendary,LifeStealRate,Add,0.02
765,LifeSteal,55,Normal,LifeStealRate,Add,0.005
766,LifeSteal,55,Rare,LifeStealRate,Add,0.01
767,LifeSteal,55,Epic,LifeStealRate,Add,0.015
768,LifeSteal,55,Legendary,LifeStealRate,Add,0.02
769,LifeSteal,60,Normal,LifeStealRate,Add,0.005
770,LifeSteal,60,Rare,LifeStealRate,Add,0.01
771,LifeSteal,60,Epic,LifeStealRate,Add,0.015
772,LifeSteal,60,Legendary,LifeStealRate,Add,0.02
773,LifeSteal,65,Normal,LifeStealRate,Add,0.005
774,LifeSteal,65,Rare,LifeStealRate,Add,0.01
775,LifeSteal,65,Epic,LifeStealRate,Add,0.015
776,LifeSteal,65,Legendary,LifeStealRate,Add,0.02
777,LifeSteal,70,Normal,LifeStealRate,Add,0.005
778,LifeSteal,70,Rare,LifeStealRate,Add,0.01
779,LifeSteal,70,Epic,LifeStealRate,Add,0.015
780,LifeSteal,70,Legendary,LifeStealRate,Add,0.02
